timeStamp,elapsed,label,responseCode,responseMessage,threadName,dataType,success,failureMessage,bytes,sentBytes,grpThreads,allThreads,URL,Latency,IdleTime,Connect
1777001387843,715,Request to Get Repository Details,200,OK,Git API Performance Testing 1-2,text,true,,8101,288,9,9,https://api.github.com/repos/bharathtechacademy05/JMeterRepo,711,0,370
1777001388043,515,Request to Get Repository Details,200,OK,Git API Performance Testing 1-4,text,true,,8100,288,9,9,https://api.github.com/repos/bharathtechacademy05/JMeterRepo,511,0,170
1777001387943,615,Request to Get Repository Details,200,OK,Git API Performance Testing 1-3,text,true,,8101,288,9,9,https://api.github.com/repos/bharathtechacademy05/JMeterRepo,612,0,270
1777001387823,740,Request to Get Repository Details,200,OK,Git API Performance Testing 1-1,text,true,,8101,288,9,9,https://api.github.com/repos/bharathtechacademy05/JMeterRepo,736,0,390
1777001388141,431,Request to Get Repository Details,200,OK,Git API Performance Testing 1-5,text,true,,8101,288,9,9,https://api.github.com/repos/bharathtechacademy05/JMeterRepo,430,0,72
1777001388342,384,Request to Get Repository Details,200,OK,Git API Performance Testing 1-7,text,true,,8101,288,10,10,https://api.github.com/repos/bharathtechacademy05/JMeterRepo,384,0,45
1777001388441,384,Request to Get Repository Details,200,OK,Git API Performance Testing 1-8,text,true,,8101,288,11,11,https://api.github.com/repos/bharathtechacademy05/JMeterRepo,383,0,48
1777001388560,325,Request to Update Repository Details,200,OK,Git API Performance Testing 1-4,text,true,,8028,376,12,12,https://api.github.com/repos/bharathtechacademy05/JMeterRepo,324,0,0
1777001388564,324,Request to Update Repository Details,200,OK,Git API Performance Testing 1-1,text,true,,8030,376,12,12,https://api.github.com/repos/bharathtechacademy05/JMeterRepo,323,0,0
1777001388560,333,Request to Update Repository Details,200,OK,Git API Performance Testing 1-3,text,true,,8029,376,12,12,https://api.github.com/repos/bharathtechacademy05/JMeterRepo,332,0,0
1777001388560,334,Request to Update Repository Details,200,OK,Git API Performance Testing 1-2,text,true,,8030,376,10,10,https://api.github.com/repos/bharathtechacademy05/JMeterRepo,333,0,0
1777001388541,371,Request to Get Repository Details,200,OK,Git API Performance Testing 1-9,text,true,,8102,288,8,8,https://api.github.com/repos/bharathtechacademy05/JMeterRepo,370,0,47
1777001388572,340,Request to Update Repository Details,200,OK,Git API Performance Testing 1-5,text,true,,8030,376,8,8,https://api.github.com/repos/bharathtechacademy05/JMeterRepo,340,0,0
1777001388241,750,Request to Get Repository Details,200,OK,Git API Performance Testing 1-6,text,true,,8102,288,8,8,https://api.github.com/repos/bharathtechacademy05/JMeterRepo,749,0,55
1777001388641,389,Request to Get Repository Details,200,OK,Git API Performance Testing 1-10,text,true,,8101,288,8,8,https://api.github.com/repos/bharathtechacademy05/JMeterRepo,388,0,52
1777001388728,325,Request to Update Repository Details,200,OK,Git API Performance Testing 1-7,text,true,,8030,376,9,9,https://api.github.com/repos/bharathtechacademy05/JMeterRepo,324,0,0
1777001388743,368,Request to Get Repository Details,200,OK,Git API Performance Testing 1-11,text,true,,8102,288,8,8,https://api.github.com/repos/bharathtechacademy05/JMeterRepo,367,0,53
1777001388826,340,Request to Update Repository Details,200,OK,Git API Performance Testing 1-8,text,true,,8030,376,9,9,https://api.github.com/repos/bharathtechacademy05/JMeterRepo,339,0,0
1777001388841,386,Request to Get Repository Details,200,OK,Git API Performance Testing 1-12,text,true,,8102,288,8,8,https://api.github.com/repos/bharathtechacademy05/JMeterRepo,385,0,49
1777001388913,331,Request to Update Repository Details,200,OK,Git API Performance Testing 1-9,text,true,,8030,376,9,9,https://api.github.com/repos/bharathtechacademy05/JMeterRepo,331,0,0
1777001388992,339,Request to Update Repository Details,200,OK,Git API Performance Testing 1-6,text,true,,8030,376,8,8,https://api.github.com/repos/bharathtechacademy05/JMeterRepo,339,0,0
1777001388941,402,Request to Get Repository Details,200,OK,Git API Performance Testing 1-13,text,true,,8102,288,8,8,https://api.github.com/repos/bharathtechacademy05/JMeterRepo,402,0,52
1777001389031,329,Request to Update Repository Details,200,OK,Git API Performance Testing 1-10,text,true,,8029,376,8,8,https://api.github.com/repos/bharathtechacademy05/JMeterRepo,329,0,0
1777001389040,393,Request to Get Repository Details,200,OK,Git API Performance Testing 1-14,text,true,,8102,288,7,7,https://api.github.com/repos/bharathtechacademy05/JMeterRepo,393,0,49
1777001389112,347,Request to Update Repository Details,200,OK,Git API Performance Testing 1-11,text,true,,8030,376,8,8,https://api.github.com/repos/bharathtechacademy05/JMeterRepo,346,0,0
1777001389142,349,Request to Get Repository Details,200,OK,Git API Performance Testing 1-15,text,true,,8102,288,7,7,https://api.github.com/repos/bharathtechacademy05/JMeterRepo,349,0,49
1777001389227,323,Request to Update Repository Details,200,OK,Git API Performance Testing 1-12,text,true,,8030,376,8,8,https://api.github.com/repos/bharathtechacademy05/JMeterRepo,323,0,0
1777001389241,376,Request to Get Repository Details,200,OK,Git API Performance Testing 1-16,text,true,,8101,288,7,7,https://api.github.com/repos/bharathtechacademy05/JMeterRepo,376,0,47
1777001389344,334,Request to Update Repository Details,200,OK,Git API Performance Testing 1-13,text,true,,8030,376,8,8,https://api.github.com/repos/bharathtechacademy05/JMeterRepo,334,0,0
1777001389339,365,Request to Get Repository Details,200,OK,Git API Performance Testing 1-17,text,true,,8101,288,7,7,https://api.github.com/repos/bharathtechacademy05/JMeterRepo,365,0,48
1777001389434,341,Request to Update Repository Details,200,OK,Git API Performance Testing 1-14,text,true,,8030,376,8,8,https://api.github.com/repos/bharathtechacademy05/JMeterRepo,341,0,0
1777001389439,350,Request to Get Repository Details,200,OK,Git API Performance Testing 1-18,text,true,,8102,288,7,7,https://api.github.com/repos/bharathtechacademy05/JMeterRepo,350,0,47
1777001389492,321,Request to Update Repository Details,200,OK,Git API Performance Testing 1-15,text,true,,8030,376,7,7,https://api.github.com/repos/bharathtechacademy05/JMeterRepo,321,0,0
1777001389540,362,Request to Get Repository Details,200,OK,Git API Performance Testing 1-19,text,true,,8101,288,7,7,https://api.github.com/repos/bharathtechacademy05/JMeterRepo,362,0,47
1777001389617,348,Request to Update Repository Details,200,OK,Git API Performance Testing 1-16,text,true,,8029,376,8,8,https://api.github.com/repos/bharathtechacademy05/JMeterRepo,348,0,0
1777001389640,353,Request to Get Repository Details,200,OK,Git API Performance Testing 1-20,text,true,,8101,288,7,7,https://api.github.com/repos/bharathtechacademy05/JMeterRepo,353,0,44
1777001389705,342,Request to Update Repository Details,200,OK,Git API Performance Testing 1-17,text,true,,8029,376,8,8,https://api.github.com/repos/bharathtechacademy05/JMeterRepo,342,0,0
1777001389741,377,Request to Get Repository Details,200,OK,Git API Performance Testing 1-21,text,true,,8102,288,7,7,https://api.github.com/repos/bharathtechacademy05/JMeterRepo,377,0,53
1777001389790,328,Request to Update Repository Details,200,OK,Git API Performance Testing 1-18,text,true,,8030,376,7,7,https://api.github.com/repos/bharathtechacademy05/JMeterRepo,328,0,0
1777001389840,377,Request to Get Repository Details,200,OK,Git API Performance Testing 1-22,text,true,,8102,288,7,7,https://api.github.com/repos/bharathtechacademy05/JMeterRepo,375,0,45
1777001389903,323,Request to Update Repository Details,200,OK,Git API Performance Testing 1-19,text,true,,8029,376,7,7,https://api.github.com/repos/bharathtechacademy05/JMeterRepo,318,0,0
1777001389940,372,Request to Get Repository Details,200,OK,Git API Performance Testing 1-23,text,true,,8102,288,7,7,https://api.github.com/repos/bharathtechacademy05/JMeterRepo,372,0,47
1777001389993,324,Request to Update Repository Details,200,OK,Git API Performance Testing 1-20,text,true,,8029,376,7,7,https://api.github.com/repos/bharathtechacademy05/JMeterRepo,323,0,0
1777001390039,390,Request to Get Repository Details,200,OK,Git API Performance Testing 1-24,text,true,,8102,288,7,7,https://api.github.com/repos/bharathtechacademy05/JMeterRepo,390,0,46
1777001390118,334,Request to Update Repository Details,200,OK,Git API Performance Testing 1-21,text,true,,8030,376,8,8,https://api.github.com/repos/bharathtechacademy05/JMeterRepo,334,0,0
1777001390142,362,Request to Get Repository Details,200,OK,Git API Performance Testing 1-25,text,true,,8102,288,7,7,https://api.github.com/repos/bharathtechacademy05/JMeterRepo,361,0,56
1777001390218,335,Request to Update Repository Details,200,OK,Git API Performance Testing 1-22,text,true,,8030,376,8,8,https://api.github.com/repos/bharathtechacademy05/JMeterRepo,334,0,0
1777001390243,385,Request to Get Repository Details,200,OK,Git API Performance Testing 1-26,text,true,,8101,288,7,7,https://api.github.com/repos/bharathtechacademy05/JMeterRepo,382,0,47
1777001390313,337,Request to Update Repository Details,200,OK,Git API Performance Testing 1-23,text,true,,8030,376,8,8,https://api.github.com/repos/bharathtechacademy05/JMeterRepo,335,0,0
1777001390340,387,Request to Get Repository Details,200,OK,Git API Performance Testing 1-27,text,true,,8100,288,7,7,https://api.github.com/repos/bharathtechacademy05/JMeterRepo,387,0,48
1777001390429,324,Request to Update Repository Details,200,OK,Git API Performance Testing 1-24,text,true,,8030,376,8,8,https://api.github.com/repos/bharathtechacademy05/JMeterRepo,324,0,0
1777001390440,382,Request to Get Repository Details,200,OK,Git API Performance Testing 1-28,text,true,,8101,288,7,7,https://api.github.com/repos/bharathtechacademy05/JMeterRepo,382,0,46
1777001390504,327,Request to Update Repository Details,200,OK,Git API Performance Testing 1-25,text,true,,8030,376,7,7,https://api.github.com/repos/bharathtechacademy05/JMeterRepo,326,0,0
1777001390540,391,Request to Get Repository Details,200,OK,Git API Performance Testing 1-29,text,true,,8102,288,7,7,https://api.github.com/repos/bharathtechacademy05/JMeterRepo,390,0,51
1777001390629,338,Request to Update Repository Details,200,OK,Git API Performance Testing 1-26,text,true,,8029,376,8,8,https://api.github.com/repos/bharathtechacademy05/JMeterRepo,338,0,0
1777001390641,389,Request to Get Repository Details,200,OK,Git API Performance Testing 1-30,text,true,,8101,288,7,7,https://api.github.com/repos/bharathtechacademy05/JMeterRepo,388,0,63
1777001390728,334,Request to Update Repository Details,200,OK,Git API Performance Testing 1-27,text,true,,8028,376,8,8,https://api.github.com/repos/bharathtechacademy05/JMeterRepo,334,0,0
1777001390740,397,Request to Get Repository Details,200,OK,Git API Performance Testing 1-31,text,true,,8101,288,7,7,https://api.github.com/repos/bharathtechacademy05/JMeterRepo,397,0,47
1777001390823,323,Request to Update Repository Details,200,OK,Git API Performance Testing 1-28,text,true,,8029,376,8,8,https://api.github.com/repos/bharathtechacademy05/JMeterRepo,323,0,0
1777001390840,375,Request to Get Repository Details,200,OK,Git API Performance Testing 1-32,text,true,,8102,288,7,7,https://api.github.com/repos/bharathtechacademy05/JMeterRepo,374,0,45
1777001390931,301,Request to Update Repository Details,200,OK,Git API Performance Testing 1-29,text,true,,8030,376,7,7,https://api.github.com/repos/bharathtechacademy05/JMeterRepo,300,0,0
1777001390939,383,Request to Get Repository Details,200,OK,Git API Performance Testing 1-33,text,true,,8101,288,7,7,https://api.github.com/repos/bharathtechacademy05/JMeterRepo,380,0,53
1777001391031,347,Request to Update Repository Details,200,OK,Git API Performance Testing 1-30,text,true,,8029,376,8,8,https://api.github.com/repos/bharathtechacademy05/JMeterRepo,344,0,0
1777001391040,396,Request to Get Repository Details,200,OK,Git API Performance Testing 1-34,text,true,,8101,288,7,7,https://api.github.com/repos/bharathtechacademy05/JMeterRepo,396,0,46
1777001391138,319,Request to Update Repository Details,200,OK,Git API Performance Testing 1-31,text,true,,8029,376,8,8,https://api.github.com/repos/bharathtechacademy05/JMeterRepo,317,0,0
1777001391140,367,Request to Get Repository Details,200,OK,Git API Performance Testing 1-35,text,true,,8100,288,7,7,https://api.github.com/repos/bharathtechacademy05/JMeterRepo,367,0,47
1777001391216,352,Request to Update Repository Details,200,OK,Git API Performance Testing 1-32,text,true,,8030,376,8,8,https://api.github.com/repos/bharathtechacademy05/JMeterRepo,352,0,0
1777001391240,365,Request to Get Repository Details,200,OK,Git API Performance Testing 1-36,text,true,,8101,288,7,7,https://api.github.com/repos/bharathtechacademy05/JMeterRepo,365,0,46
1777001391322,318,Request to Update Repository Details,200,OK,Git API Performance Testing 1-33,text,true,,8029,376,8,8,https://api.github.com/repos/bharathtechacademy05/JMeterRepo,318,0,0
1777001391341,361,Request to Get Repository Details,200,OK,Git API Performance Testing 1-37,text,true,,8102,288,7,7,https://api.github.com/repos/bharathtechacademy05/JMeterRepo,360,0,47
1777001391436,343,Request to Update Repository Details,200,OK,Git API Performance Testing 1-34,text,true,,8029,376,8,8,https://api.github.com/repos/bharathtechacademy05/JMeterRepo,342,0,0
1777001391440,374,Request to Get Repository Details,200,OK,Git API Performance Testing 1-38,text,true,,8102,288,7,7,https://api.github.com/repos/bharathtechacademy05/JMeterRepo,374,0,43
1777001391507,337,Request to Update Repository Details,200,OK,Git API Performance Testing 1-35,text,true,,8028,376,8,8,https://api.github.com/repos/bharathtechacademy05/JMeterRepo,336,0,0
1777001391542,353,Request to Get Repository Details,200,OK,Git API Performance Testing 1-39,text,true,,8102,288,7,7,https://api.github.com/repos/bharathtechacademy05/JMeterRepo,352,0,48
1777001391605,333,Request to Update Repository Details,200,OK,Git API Performance Testing 1-36,text,true,,8029,376,7,7,https://api.github.com/repos/bharathtechacademy05/JMeterRepo,333,0,0
1777001391640,392,Request to Get Repository Details,200,OK,Git API Performance Testing 1-40,text,true,,8101,288,7,7,https://api.github.com/repos/bharathtechacademy05/JMeterRepo,391,0,47
1777001391702,334,Request to Update Repository Details,200,OK,Git API Performance Testing 1-37,text,true,,8030,376,7,7,https://api.github.com/repos/bharathtechacademy05/JMeterRepo,334,0,0
1777001391742,375,Request to Get Repository Details,200,OK,Git API Performance Testing 1-41,text,true,,8101,288,7,7,https://api.github.com/repos/bharathtechacademy05/JMeterRepo,374,0,55
1777001391814,351,Request to Update Repository Details,200,OK,Git API Performance Testing 1-38,text,true,,8030,376,8,8,https://api.github.com/repos/bharathtechacademy05/JMeterRepo,350,0,0
1777001391841,394,Request to Get Repository Details,200,OK,Git API Performance Testing 1-42,text,true,,8101,288,7,7,https://api.github.com/repos/bharathtechacademy05/JMeterRepo,393,0,52
1777001391895,349,Request to Update Repository Details,200,OK,Git API Performance Testing 1-39,text,true,,8030,376,8,8,https://api.github.com/repos/bharathtechacademy05/JMeterRepo,349,0,0
1777001391940,356,Request to Get Repository Details,200,OK,Git API Performance Testing 1-43,text,true,,8100,288,7,7,https://api.github.com/repos/bharathtechacademy05/JMeterRepo,356,0,46
1777001392039,355,Request to Get Repository Details,200,OK,Git API Performance Testing 1-44,text,true,,8102,288,8,8,https://api.github.com/repos/bharathtechacademy05/JMeterRepo,355,0,48
1777001392032,372,Request to Update Repository Details,200,OK,Git API Performance Testing 1-40,text,true,,8029,376,8,8,https://api.github.com/repos/bharathtechacademy05/JMeterRepo,372,0,0
1777001392117,331,Request to Update Repository Details,200,OK,Git API Performance Testing 1-41,text,true,,8029,376,8,8,https://api.github.com/repos/bharathtechacademy05/JMeterRepo,331,0,0
1777001392141,409,Request to Get Repository Details,200,OK,Git API Performance Testing 1-45,text,true,,8102,288,8,8,https://api.github.com/repos/bharathtechacademy05/JMeterRepo,409,0,46
1777001392235,325,Request to Update Repository Details,200,OK,Git API Performance Testing 1-42,text,true,,8029,376,8,8,https://api.github.com/repos/bharathtechacademy05/JMeterRepo,325,0,0
1777001392241,368,Request to Get Repository Details,200,OK,Git API Performance Testing 1-46,text,true,,8102,288,7,7,https://api.github.com/repos/bharathtechacademy05/JMeterRepo,367,0,47
1777001392297,350,Request to Update Repository Details,200,OK,Git API Performance Testing 1-43,text,true,,8028,376,8,8,https://api.github.com/repos/bharathtechacademy05/JMeterRepo,350,0,0
1777001392340,379,Request to Get Repository Details,200,OK,Git API Performance Testing 1-47,text,true,,8102,288,7,7,https://api.github.com/repos/bharathtechacademy05/JMeterRepo,379,0,43
1777001392394,328,Request to Update Repository Details,200,OK,Git API Performance Testing 1-44,text,true,,8030,376,7,7,https://api.github.com/repos/bharathtechacademy05/JMeterRepo,328,0,0
1777001392441,365,Request to Get Repository Details,200,OK,Git API Performance Testing 1-48,text,true,,8102,288,7,7,https://api.github.com/repos/bharathtechacademy05/JMeterRepo,364,0,45
1777001392551,323,Request to Update Repository Details,200,OK,Git API Performance Testing 1-45,text,true,,8030,376,8,8,https://api.github.com/repos/bharathtechacademy05/JMeterRepo,323,0,0
1777001392541,365,Request to Get Repository Details,200,OK,Git API Performance Testing 1-49,text,true,,8101,288,7,7,https://api.github.com/repos/bharathtechacademy05/JMeterRepo,365,0,44
1777001392609,334,Request to Update Repository Details,200,OK,Git API Performance Testing 1-46,text,true,,8030,376,8,8,https://api.github.com/repos/bharathtechacademy05/JMeterRepo,333,0,0
1777001392640,383,Request to Get Repository Details,200,OK,Git API Performance Testing 1-50,text,true,,8101,288,7,7,https://api.github.com/repos/bharathtechacademy05/JMeterRepo,383,0,45
1777001392720,340,Request to Update Repository Details,200,OK,Git API Performance Testing 1-47,text,true,,8030,376,8,8,https://api.github.com/repos/bharathtechacademy05/JMeterRepo,340,0,0
1777001392740,364,Request to Get Repository Details,200,OK,Git API Performance Testing 1-51,text,true,,8102,288,7,7,https://api.github.com/repos/bharathtechacademy05/JMeterRepo,364,0,45
1777001392806,338,Request to Update Repository Details,200,OK,Git API Performance Testing 1-48,text,true,,8030,376,8,8,https://api.github.com/repos/bharathtechacademy05/JMeterRepo,337,0,0
1777001392841,361,Request to Get Repository Details,200,OK,Git API Performance Testing 1-52,text,true,,8103,288,7,7,https://api.github.com/repos/bharathtechacademy05/JMeterRepo,361,0,50
1777001392907,341,Request to Update Repository Details,200,OK,Git API Performance Testing 1-49,text,true,,8030,376,8,8,https://api.github.com/repos/bharathtechacademy05/JMeterRepo,341,0,0
1777001392941,367,Request to Get Repository Details,200,OK,Git API Performance Testing 1-53,text,true,,8103,288,7,7,https://api.github.com/repos/bharathtechacademy05/JMeterRepo,367,0,48
1777001393023,338,Request to Update Repository Details,200,OK,Git API Performance Testing 1-50,text,true,,8030,376,8,8,https://api.github.com/repos/bharathtechacademy05/JMeterRepo,338,0,0
1777001393039,367,Request to Get Repository Details,200,OK,Git API Performance Testing 1-54,text,true,,8103,288,7,7,https://api.github.com/repos/bharathtechacademy05/JMeterRepo,367,0,43
1777001393104,347,Request to Update Repository Details,200,OK,Git API Performance Testing 1-51,text,true,,8031,376,8,8,https://api.github.com/repos/bharathtechacademy05/JMeterRepo,347,0,0
1777001393140,354,Request to Get Repository Details,200,OK,Git API Performance Testing 1-55,text,true,,8102,288,7,7,https://api.github.com/repos/bharathtechacademy05/JMeterRepo,354,0,50
1777001393202,329,Request to Update Repository Details,200,OK,Git API Performance Testing 1-52,text,true,,8031,376,7,7,https://api.github.com/repos/bharathtechacademy05/JMeterRepo,328,0,0
1777001393240,368,Request to Get Repository Details,200,OK,Git API Performance Testing 1-56,text,true,,8103,288,7,7,https://api.github.com/repos/bharathtechacademy05/JMeterRepo,368,0,48
1777001393308,335,Request to Update Repository Details,200,OK,Git API Performance Testing 1-53,text,true,,8031,376,8,8,https://api.github.com/repos/bharathtechacademy05/JMeterRepo,334,0,0
1777001393342,368,Request to Get Repository Details,200,OK,Git API Performance Testing 1-57,text,true,,8103,288,7,7,https://api.github.com/repos/bharathtechacademy05/JMeterRepo,368,0,44
1777001393406,366,Request to Update Repository Details,200,OK,Git API Performance Testing 1-54,text,true,,8031,376,8,8,https://api.github.com/repos/bharathtechacademy05/JMeterRepo,366,0,0
1777001393439,372,Request to Get Repository Details,200,OK,Git API Performance Testing 1-58,text,true,,8103,288,7,7,https://api.github.com/repos/bharathtechacademy05/JMeterRepo,371,0,44
1777001393494,345,Request to Update Repository Details,200,OK,Git API Performance Testing 1-55,text,true,,8030,376,8,8,https://api.github.com/repos/bharathtechacademy05/JMeterRepo,345,0,0
1777001393540,360,Request to Get Repository Details,200,OK,Git API Performance Testing 1-59,text,true,,8103,288,7,7,https://api.github.com/repos/bharathtechacademy05/JMeterRepo,359,0,46
1777001393608,343,Request to Update Repository Details,200,OK,Git API Performance Testing 1-56,text,true,,8031,376,8,8,https://api.github.com/repos/bharathtechacademy05/JMeterRepo,342,0,0
1777001393711,311,Request to Update Repository Details,200,OK,Git API Performance Testing 1-57,text,true,,8031,376,7,7,https://api.github.com/repos/bharathtechacademy05/JMeterRepo,311,0,0
1777001393641,386,Request to Get Repository Details,200,OK,Git API Performance Testing 1-60,text,true,,8103,288,6,6,https://api.github.com/repos/bharathtechacademy05/JMeterRepo,386,0,45
1777001393741,373,Request to Get Repository Details,200,OK,Git API Performance Testing 1-61,text,true,,8102,288,7,7,https://api.github.com/repos/bharathtechacademy05/JMeterRepo,372,0,50
1777001393812,346,Request to Update Repository Details,200,OK,Git API Performance Testing 1-58,text,true,,8031,376,8,8,https://api.github.com/repos/bharathtechacademy05/JMeterRepo,346,0,0
1777001393839,369,Request to Get Repository Details,200,OK,Git API Performance Testing 1-62,text,true,,8102,288,7,7,https://api.github.com/repos/bharathtechacademy05/JMeterRepo,369,0,49
1777001393900,336,Request to Update Repository Details,200,OK,Git API Performance Testing 1-59,text,true,,8031,376,7,7,https://api.github.com/repos/bharathtechacademy05/JMeterRepo,336,0,0
1777001393942,397,Request to Get Repository Details,200,OK,Git API Performance Testing 1-63,text,true,,8101,288,7,7,https://api.github.com/repos/bharathtechacademy05/JMeterRepo,397,0,54
1777001394027,355,Request to Update Repository Details,200,OK,Git API Performance Testing 1-60,text,true,,8031,376,8,8,https://api.github.com/repos/bharathtechacademy05/JMeterRepo,354,0,0
1777001394039,358,Request to Get Repository Details,200,OK,Git API Performance Testing 1-64,text,true,,8103,288,7,7,https://api.github.com/repos/bharathtechacademy05/JMeterRepo,358,0,46
1777001394114,329,Request to Update Repository Details,200,OK,Git API Performance Testing 1-61,text,true,,8030,376,8,8,https://api.github.com/repos/bharathtechacademy05/JMeterRepo,329,0,0
1777001394140,358,Request to Get Repository Details,200,OK,Git API Performance Testing 1-65,text,true,,8102,288,7,7,https://api.github.com/repos/bharathtechacademy05/JMeterRepo,358,0,44
1777001394208,338,Request to Update Repository Details,200,OK,Git API Performance Testing 1-62,text,true,,8030,376,8,8,https://api.github.com/repos/bharathtechacademy05/JMeterRepo,338,0,0
1777001394240,362,Request to Get Repository Details,200,OK,Git API Performance Testing 1-66,text,true,,8102,288,7,7,https://api.github.com/repos/bharathtechacademy05/JMeterRepo,362,0,45
1777001394339,354,Request to Update Repository Details,200,OK,Git API Performance Testing 1-63,text,true,,8029,376,8,8,https://api.github.com/repos/bharathtechacademy05/JMeterRepo,354,0,0
1777001394341,366,Request to Get Repository Details,200,OK,Git API Performance Testing 1-67,text,true,,8102,288,7,7,https://api.github.com/repos/bharathtechacademy05/JMeterRepo,366,0,45
1777001394398,349,Request to Update Repository Details,200,OK,Git API Performance Testing 1-64,text,true,,8031,376,8,8,https://api.github.com/repos/bharathtechacademy05/JMeterRepo,347,0,0
1777001394441,384,Request to Get Repository Details,200,OK,Git API Performance Testing 1-68,text,true,,8103,288,7,7,https://api.github.com/repos/bharathtechacademy05/JMeterRepo,384,0,46
1777001394498,340,Request to Update Repository Details,200,OK,Git API Performance Testing 1-65,text,true,,8030,376,7,7,https://api.github.com/repos/bharathtechacademy05/JMeterRepo,340,0,0
1777001394540,354,Request to Get Repository Details,200,OK,Git API Performance Testing 1-69,text,true,,8103,288,7,7,https://api.github.com/repos/bharathtechacademy05/JMeterRepo,354,0,46
1777001394603,329,Request to Update Repository Details,200,OK,Git API Performance Testing 1-66,text,true,,8030,376,7,7,https://api.github.com/repos/bharathtechacademy05/JMeterRepo,329,0,0
1777001394641,378,Request to Get Repository Details,200,OK,Git API Performance Testing 1-70,text,true,,8103,288,7,7,https://api.github.com/repos/bharathtechacademy05/JMeterRepo,377,0,49
1777001394708,337,Request to Update Repository Details,200,OK,Git API Performance Testing 1-67,text,true,,8030,376,8,8,https://api.github.com/repos/bharathtechacademy05/JMeterRepo,337,0,0
1777001394740,372,Request to Get Repository Details,200,OK,Git API Performance Testing 1-71,text,true,,8103,288,7,7,https://api.github.com/repos/bharathtechacademy05/JMeterRepo,371,0,48
1777001394840,377,Request to Get Repository Details,200,OK,Git API Performance Testing 1-72,text,true,,8103,288,8,8,https://api.github.com/repos/bharathtechacademy05/JMeterRepo,377,0,46
1777001394895,327,Request to Update Repository Details,200,OK,Git API Performance Testing 1-69,text,true,,8031,376,8,8,https://api.github.com/repos/bharathtechacademy05/JMeterRepo,327,0,0
1777001394942,396,Request to Get Repository Details,200,OK,Git API Performance Testing 1-73,text,true,,8103,288,8,8,https://api.github.com/repos/bharathtechacademy05/JMeterRepo,396,0,48
1777001395019,328,Request to Update Repository Details,200,OK,Git API Performance Testing 1-70,text,true,,8031,376,9,9,https://api.github.com/repos/bharathtechacademy05/JMeterRepo,327,0,0
1777001395040,354,Request to Get Repository Details,200,OK,Git API Performance Testing 1-74,text,true,,8103,288,8,8,https://api.github.com/repos/bharathtechacademy05/JMeterRepo,354,0,43
1777001395112,347,Request to Update Repository Details,200,OK,Git API Performance Testing 1-71,text,true,,8031,376,9,9,https://api.github.com/repos/bharathtechacademy05/JMeterRepo,346,0,0
1777001395140,377,Request to Get Repository Details,200,OK,Git API Performance Testing 1-75,text,true,,8103,288,8,8,https://api.github.com/repos/bharathtechacademy05/JMeterRepo,369,0,44
1777001394826,735,Request to Update Repository Details,200,OK,Git API Performance Testing 1-68,text,true,,8031,376,9,9,https://api.github.com/repos/bharathtechacademy05/JMeterRepo,735,0,0
1777001395217,365,Request to Update Repository Details,200,OK,Git API Performance Testing 1-72,text,true,,8031,376,8,8,https://api.github.com/repos/bharathtechacademy05/JMeterRepo,363,0,0
1777001395240,389,Request to Get Repository Details,200,OK,Git API Performance Testing 1-76,text,true,,8102,288,7,7,https://api.github.com/repos/bharathtechacademy05/JMeterRepo,389,0,45
1777001395339,362,Request to Update Repository Details,200,OK,Git API Performance Testing 1-73,text,true,,8031,376,8,8,https://api.github.com/repos/bharathtechacademy05/JMeterRepo,361,0,0
1777001395342,360,Request to Get Repository Details,200,OK,Git API Performance Testing 1-77,text,true,,8103,288,7,7,https://api.github.com/repos/bharathtechacademy05/JMeterRepo,360,0,44
1777001395395,339,Request to Update Repository Details,200,OK,Git API Performance Testing 1-74,text,true,,8031,376,7,7,https://api.github.com/repos/bharathtechacademy05/JMeterRepo,339,0,0
1777001395442,373,Request to Get Repository Details,200,OK,Git API Performance Testing 1-78,text,true,,8103,288,7,7,https://api.github.com/repos/bharathtechacademy05/JMeterRepo,372,0,45
1777001395517,315,Request to Update Repository Details,200,OK,Git API Performance Testing 1-75,text,true,,8031,376,7,7,https://api.github.com/repos/bharathtechacademy05/JMeterRepo,314,0,0
1777001395540,378,Request to Get Repository Details,200,OK,Git API Performance Testing 1-79,text,true,,8103,288,7,7,https://api.github.com/repos/bharathtechacademy05/JMeterRepo,378,0,44
1777001395629,320,Request to Update Repository Details,200,OK,Git API Performance Testing 1-76,text,true,,8030,376,8,8,https://api.github.com/repos/bharathtechacademy05/JMeterRepo,320,0,0
1777001395639,379,Request to Get Repository Details,200,OK,Git API Performance Testing 1-80,text,true,,8103,288,7,7,https://api.github.com/repos/bharathtechacademy05/JMeterRepo,378,0,45
1777001395703,338,Request to Update Repository Details,200,OK,Git API Performance Testing 1-77,text,true,,8031,376,8,8,https://api.github.com/repos/bharathtechacademy05/JMeterRepo,338,0,0
1777001395740,374,Request to Get Repository Details,200,OK,Git API Performance Testing 1-81,text,true,,8102,288,7,7,https://api.github.com/repos/bharathtechacademy05/JMeterRepo,374,0,49
1777001395815,348,Request to Update Repository Details,200,OK,Git API Performance Testing 1-78,text,true,,8031,376,8,8,https://api.github.com/repos/bharathtechacademy05/JMeterRepo,347,0,0
1777001395841,387,Request to Get Repository Details,200,OK,Git API Performance Testing 1-82,text,true,,8103,288,7,7,https://api.github.com/repos/bharathtechacademy05/JMeterRepo,387,0,42
1777001395919,333,Request to Update Repository Details,200,OK,Git API Performance Testing 1-79,text,true,,8031,376,8,8,https://api.github.com/repos/bharathtechacademy05/JMeterRepo,333,0,0
1777001395940,371,Request to Get Repository Details,200,OK,Git API Performance Testing 1-83,text,true,,8103,288,7,7,https://api.github.com/repos/bharathtechacademy05/JMeterRepo,371,0,45
1777001396018,339,Request to Update Repository Details,200,OK,Git API Performance Testing 1-80,text,true,,8031,376,8,8,https://api.github.com/repos/bharathtechacademy05/JMeterRepo,339,0,0
1777001396040,359,Request to Get Repository Details,200,OK,Git API Performance Testing 1-84,text,true,,8103,288,7,7,https://api.github.com/repos/bharathtechacademy05/JMeterRepo,359,0,45
1777001396115,359,Request to Update Repository Details,200,OK,Git API Performance Testing 1-81,text,true,,8030,376,8,8,https://api.github.com/repos/bharathtechacademy05/JMeterRepo,357,0,0
1777001396139,380,Request to Get Repository Details,200,OK,Git API Performance Testing 1-85,text,true,,8103,288,7,7,https://api.github.com/repos/bharathtechacademy05/JMeterRepo,380,0,46
1777001396241,365,Request to Get Repository Details,200,OK,Git API Performance Testing 1-86,text,true,,8101,288,8,8,https://api.github.com/repos/bharathtechacademy05/JMeterRepo,365,0,44
1777001396311,357,Request to Update Repository Details,200,OK,Git API Performance Testing 1-83,text,true,,8031,376,9,9,https://api.github.com/repos/bharathtechacademy05/JMeterRepo,357,0,0
1777001396340,358,Request to Get Repository Details,200,OK,Git API Performance Testing 1-87,text,true,,8103,288,8,8,https://api.github.com/repos/bharathtechacademy05/JMeterRepo,356,0,45
1777001396399,321,Request to Update Repository Details,200,OK,Git API Performance Testing 1-84,text,true,,8031,376,8,8,https://api.github.com/repos/bharathtechacademy05/JMeterRepo,321,0,0
1777001396441,380,Request to Get Repository Details,200,OK,Git API Performance Testing 1-88,text,true,,8102,288,8,8,https://api.github.com/repos/bharathtechacademy05/JMeterRepo,380,0,46
1777001396520,330,Request to Update Repository Details,200,OK,Git API Performance Testing 1-85,text,true,,8031,376,9,9,https://api.github.com/repos/bharathtechacademy05/JMeterRepo,330,0,0
1777001396541,381,Request to Get Repository Details,200,OK,Git API Performance Testing 1-89,text,true,,8102,288,8,8,https://api.github.com/repos/bharathtechacademy05/JMeterRepo,381,0,47
1777001396606,317,Request to Update Repository Details,200,OK,Git API Performance Testing 1-86,text,true,,8029,376,8,8,https://api.github.com/repos/bharathtechacademy05/JMeterRepo,316,0,0
1777001396229,704,Request to Update Repository Details,200,OK,Git API Performance Testing 1-82,text,true,,8031,376,7,7,https://api.github.com/repos/bharathtechacademy05/JMeterRepo,704,0,0
1777001396698,315,Request to Update Repository Details,200,OK,Git API Performance Testing 1-87,text,true,,8031,376,7,7,https://api.github.com/repos/bharathtechacademy05/JMeterRepo,315,0,0
1777001396640,377,Request to Get Repository Details,200,OK,Git API Performance Testing 1-90,text,true,,8103,288,6,6,https://api.github.com/repos/bharathtechacademy05/JMeterRepo,377,0,49
1777001396741,385,Request to Get Repository Details,200,OK,Git API Performance Testing 1-91,text,true,,8103,288,7,7,https://api.github.com/repos/bharathtechacademy05/JMeterRepo,385,0,49
1777001396822,354,Request to Update Repository Details,200,OK,Git API Performance Testing 1-88,text,true,,8030,376,8,8,https://api.github.com/repos/bharathtechacademy05/JMeterRepo,354,0,0
1777001396840,359,Request to Get Repository Details,200,OK,Git API Performance Testing 1-92,text,true,,8103,288,7,7,https://api.github.com/repos/bharathtechacademy05/JMeterRepo,359,0,46
1777001396922,324,Request to Update Repository Details,200,OK,Git API Performance Testing 1-89,text,true,,8030,376,8,8,https://api.github.com/repos/bharathtechacademy05/JMeterRepo,319,0,0
1777001396941,359,Request to Get Repository Details,200,OK,Git API Performance Testing 1-93,text,true,,8103,288,7,7,https://api.github.com/repos/bharathtechacademy05/JMeterRepo,359,0,43
1777001397017,341,Request to Update Repository Details,200,OK,Git API Performance Testing 1-90,text,true,,8031,376,8,8,https://api.github.com/repos/bharathtechacademy05/JMeterRepo,341,0,0
1777001397040,365,Request to Get Repository Details,200,OK,Git API Performance Testing 1-94,text,true,,8103,288,7,7,https://api.github.com/repos/bharathtechacademy05/JMeterRepo,364,0,47
1777001397127,328,Request to Update Repository Details,200,OK,Git API Performance Testing 1-91,text,true,,8031,376,8,8,https://api.github.com/repos/bharathtechacademy05/JMeterRepo,328,0,0
1777001397140,369,Request to Get Repository Details,200,OK,Git API Performance Testing 1-95,text,true,,8103,288,7,7,https://api.github.com/repos/bharathtechacademy05/JMeterRepo,368,0,47
1777001397199,328,Request to Update Repository Details,200,OK,Git API Performance Testing 1-92,text,true,,8031,376,7,7,https://api.github.com/repos/bharathtechacademy05/JMeterRepo,327,0,0
1777001397240,363,Request to Get Repository Details,200,OK,Git API Performance Testing 1-96,text,true,,8103,288,7,7,https://api.github.com/repos/bharathtechacademy05/JMeterRepo,363,0,49
1777001397301,324,Request to Update Repository Details,200,OK,Git API Performance Testing 1-93,text,true,,8031,376,7,7,https://api.github.com/repos/bharathtechacademy05/JMeterRepo,324,0,0
1777001397340,372,Request to Get Repository Details,200,OK,Git API Performance Testing 1-97,text,true,,8103,288,7,7,https://api.github.com/repos/bharathtechacademy05/JMeterRepo,371,0,45
1777001397405,312,Request to Update Repository Details,200,OK,Git API Performance Testing 1-94,text,true,,8031,376,7,7,https://api.github.com/repos/bharathtechacademy05/JMeterRepo,312,0,0
1777001397441,390,Request to Get Repository Details,200,OK,Git API Performance Testing 1-98,text,true,,8103,288,6,6,https://api.github.com/repos/bharathtechacademy05/JMeterRepo,390,0,50
1777001397509,345,Request to Update Repository Details,200,OK,Git API Performance Testing 1-95,text,true,,8031,376,6,6,https://api.github.com/repos/bharathtechacademy05/JMeterRepo,345,0,0
1777001397541,401,Request to Get Repository Details,200,OK,Git API Performance Testing 1-99,text,true,,8103,288,5,5,https://api.github.com/repos/bharathtechacademy05/JMeterRepo,400,0,42
1777001397604,357,Request to Update Repository Details,200,OK,Git API Performance Testing 1-96,text,true,,8031,376,5,5,https://api.github.com/repos/bharathtechacademy05/JMeterRepo,355,0,0
1777001397641,351,Request to Get Repository Details,200,OK,Git API Performance Testing 1-100,text,true,,8103,288,4,4,https://api.github.com/repos/bharathtechacademy05/JMeterRepo,351,0,43
1777001397712,325,Request to Update Repository Details,200,OK,Git API Performance Testing 1-97,text,true,,8031,376,4,4,https://api.github.com/repos/bharathtechacademy05/JMeterRepo,322,0,0
1777001397831,318,Request to Update Repository Details,200,OK,Git API Performance Testing 1-98,text,true,,8031,376,3,3,https://api.github.com/repos/bharathtechacademy05/JMeterRepo,317,0,0
1777001397942,326,Request to Update Repository Details,200,OK,Git API Performance Testing 1-99,text,true,,8031,376,2,2,https://api.github.com/repos/bharathtechacademy05/JMeterRepo,326,0,0
1777001397992,360,Request to Update Repository Details,200,OK,Git API Performance Testing 1-100,text,true,,8031,376,1,1,https://api.github.com/repos/bharathtechacademy05/JMeterRepo,360,0,0
